"rn","V1","V2","V3","organ","type"
"1","intrcpt",-1.04396640856972,-1.80691483575714,-0.281017981382309,"Stem","A"
